Age_Ma,CO2_xPAL,CO2_ppm,DeltaT_K,T_C,F_sil_total,F_degas,F_prec,Fw_D,Fw_C,F_vsw_Mg,WI_mult,F_sil_blag,pH,Dolomite,Calcite,M_Mg,M_Ca,M_HCO3
424,5.13620149518523,1438.13641865186,4.71560172203659,19.7156017220366,8.12717835549048,8.06492752589804,25.7633792113107,1.38130635033708,14.8256256655612,5.75173873859824,1,8.12717835549048,7.42985561265955,492.853568851867,4012.96720498189,56.0962815858086,33.4528015302627,3.89816623214511
423,12.7505684174277,3570.15915687975,7.33483790102608,22.3348379010261,5.78628802652907,8.04685082038289,29.1653851410192,1.94351910399429,20.989289636176,5.67854735888941,0.711967644049552,11.4977361604245,7.21680319051441,490.172048397699,4015.88632175254,55.454563460481,35.1070866340701,5.92330018910453
422,29.3467958789318,8217.1028461009,9.73693869747043,24.7369386974704,5.6558368418954,8.02592204251335,37.5231816656232,2.5763940835375,28.0369320713261,5.63392305312791,0.695916417051988,15.347114743485,7.02318252477331,486.815183332942,4018.88189276647,55.090511991411,36.8738214057412,8.72866679430667
421,50.4621941600282,14129.4143648079,11.2997383249985,26.2997383249985,5.52538565726173,8.00425700644607,44.0533832360249,3.06132849580199,33.6173305302699,5.64042618467182,0.679865190054424,18.3832185861186,6.89809028618155,482.916859193677,4022.99083435607,55.2261057893448,38.0014074995397,11.2550265777714
420,75.1807995155215,21050.623864346,12.4492674632599,27.4492674632599,5.39493447262807,7.98194950497646,49.5501616958264,3.45915255830329,38.3762739946838,5.68198908083014,0.66381396305686,20.9601251811884,6.80712526482595,478.591261953858,4027.93577945987,55.7058305241368,38.6950458053936,13.6017526590632
419,102.897157723944,28811.2041627044,13.3534987121651,28.3534987121651,5.2644832879944,7.94352589388669,53.590954522804,3.73778468110209,41.9322754646547,5.7346461793402,0.647762736059295,22.8710769107276,6.73644119256947,473.940102984174,4033.49622004809,56.4063600001854,39.1032551541889,15.8192303087509
418,133.190073840614,37293.2206753718,14.0972076145218,29.0972076145218,5.13403210336073,7.90476172929329,57.0605353730122,3.96671287973012,45.0312183868875,5.79944522385654,0.631711509061731,24.525245511918,6.67892654313638,469.050551861687,4039.49160710206,57.2313721394176,39.3370454172479,17.9368351133334
417,165.841979219859,46435.7541815605,14.7291644001918,29.7291644001918,5.00358091872706,7.86571659762885,60.1121170264977,4.15813306082024,47.7963465432658,5.87098315940725,0.615660282064167,25.9908754656016,6.63049875002957,463.966015808643,4045.82371162961,58.1285483377297,39.4604256102771,19.977947896016
416,200.732133366399,56204.9973425916,15.2787366126187,30.2787366126187,4.87312973409339,7.82643148656476,62.8430295246921,4.31988927545772,50.3060144142909,5.94537178252423,0.599609055066603,27.3114709381555,6.58867263133144,458.7188916551,4052.42008152743,59.0600333447553,39.5184005688534,21.9568678272199
415,237.732544078563,66565.1123419975,15.7666506758615,30.7666506758615,4.74267854945973,7.7869464341302,65.3262715370463,4.4580384631906,52.6188284091678,6.01977240140587,0.583557828069039,28.5197535197636,6.5516912822732,453.338538169787,4059.21880439286,59.9977599958009,39.5441546758207,23.8838293432458
414,276.829960446425,77512.3889249989,16.2051604353202,31.2051604353202,4.61222736482606,7.74728889929313,67.6059209139207,4.5761977944818,54.7701249235347,6.09209703843439,0.567506601071475,29.6354567238684,6.51849847080971,447.844421981121,4066.17702067102,60.921032110359,39.5607116607316,25.7634875421837
413,317.964481869286,89030.0549234,16.6044256182517,31.6044256182518,4.48177618019239,7.70748829585974,69.7200990895632,4.67765754734715,56.7905403601,6.16085886980596,0.55145537407391,30.6758220909957,6.48823045856408,442.256346447628,4073.2545203629,61.8147053697248,39.5851647497928,27.5997402390378
412,361.130523069364,101116.546459422,16.9712237673452,31.9712237673452,4.35132499555872,7.66756779398169,71.6946523833189,4.76465392683517,58.7008162393998,6.22493341989142,0.535404147076346,31.6525531170509,6.46030643880017,436.589398208506,4080.41996696499,62.6671985013176,39.6298304232719,29.3940578491814
411,406.311061660678,113767.09726499,17.3109823542374,32.3109823542374,4.22087381092505,7.62754923933032,73.550578524341,4.83908735170418,60.517958890634,6.28355269732517,0.519352920078782,32.575308466805,6.43426855380405,430.857436209545,4087.64567053601,63.4703134320567,39.7033608947241,31.1473486535643
410,453.472823787447,126972.390660485,17.6280555744195,32.6280555744195,4.09042262629139,7.58742084340675,75.3055721970898,4.90257606075736,62.2558858506616,6.33624334254261,0.503301693081218,33.4520472686601,6.40975829882386,425.072864370437,4094.90791220479,64.2189504538832,39.8112264191282,32.8603537460253
409,502.473892606704,140692.689929877,17.9237356162417,32.9237356162417,3.95997144165772,7.52173035220342,76.9640374423174,4.95550225391513,63.9161463944085,6.36187622010948,0.487250466083654,34.2837925686022,6.38671165312489,419.246263673333,4102.1973003191,64.917111252972,39.947442867461,34.5291082408687
408,553.06732390495,154858.850693386,18.2001353621847,33.2001353621847,3.82952025702405,7.45610439556421,78.5302236619189,4.99873608862701,65.5037334894534,6.38228710529005,0.471199239086089,35.0735700476245,6.36500921062889,413.390032485434,4109.50368392525,65.5714757174489,40.1047984271038,36.1525482891082
407,605.244422925965,169468.43841927,18.4598669564376,33.4598669564376,3.69906907239038,7.39058855751932,80.0147406886045,5.03335796858779,67.0276911187129,6.39723049334302,0.455148012088525,35.82659294801,6.34443206301188,407.513254535842,4116.80839768326,66.1783080009427,40.2875169911186,37.7316499841254
406,659.001772013612,184520.496163811,18.7050133889062,33.7050133889061,3.56861788775671,7.32519535990218,81.4272873881776,5.06025884715288,68.4952676906484,6.40654973920009,0.439096785090961,36.5470696652165,6.32480877571535,401.623962091616,4124.09490131782,66.7349860677195,40.4985524513799,39.2670770382015
405,714.317480079743,200008.894422328,18.9374225902156,33.9374225902156,3.43816670312304,7.25993410391337,82.7757535414952,5.08027355389034,69.9129865215334,6.41025509801352,0.423045558093397,37.2388117628685,6.30599359044979,395.729321254313,4131.34898926903,67.2404831723729,40.7394702366054,40.7599068179596
404,771.208417886873,215938.357008324,19.158348318587,34.158348318587,3.30771551848938,7.19481613191505,84.0659641199062,5.09396545329373,71.2851723261309,6.40829084380298,0.406994331095833,37.9043796431485,6.28788627850185,389.835679481027,4138.55705023807,67.6932259461137,41.0118379619345,42.2101278160994
403,829.699515566179,232315.86435853,19.3688309880278,34.3688309880278,3.17726433385571,7.12985295938035,85.3030983786882,5.10181527935927,72.6153750399031,6.40063182931996,0.390943104098268,38.5459043229001,6.27040533088417,383.949133863448,4145.7057151751,68.0919089779563,41.3168628929733,43.6175437418622
402,889.714202252737,249119.976630766,19.5703178272253,34.5703178272253,3.04741915325664,7.06504475461445,86.4925015292829,5.10456891820615,73.9089065731456,6.38764924221823,0.374966442221351,39.1665253321687,6.25345130358654,378.074416761012,4152.78721785167,68.439099027729,41.6532347234717,44.9846675024045
401,942.877377644493,264005.665740458,19.7375570700125,34.7375570700125,3.89672435193285,7.00109769878444,88.5059012309909,5.09218412638578,75.0246681809268,6.39216418501067,0.479468295327903,39.6867825222594,6.24035094698432,372.220467300845,4160.29985597895,68.9802075958779,41.7477692285762,46.2559536489112
400,980.758596736692,274612.407086274,19.8510845818579,34.8510845818578,4.74654437807826,6.93869268570992,90.1777677972026,5.05752156286933,75.8491523724936,6.43266944571209,0.584033494831774,40.0425775658686,6.23374631181676,366.407252797253,4168.71047206554,69.9202615273602,41.3738882323546,47.3882995194325
399,1009.08802939454,282544.64823047,19.9331384986297,34.9331384986297,4.96528981486843,6.9175214878422,90.7598382973942,4.99670520321031,76.2944382012013,6.52468923218276,0.610948793994908,40.1921993718606,6.23068043006058,360.658205585124,4177.62467491781,71.0234820920508,40.783554055569,48.4140722952426
398,1033.77507809704,289457.02186717,20.0027899834388,35.0027899834388,5.18394407509319,6.89685474366472,91.2608433226689,4.9315327257377,76.6684123875613,6.61292288603938,0.637852874434713,40.3024267959056,6.22860072710165,354.984565591691,4186.66667957624,72.0885755340347,40.192204438484,49.3615599450404
397,1054.84884116997,295357.675527592,20.060955577655,35.060955577655,5.40259833531795,6.87668383822223,91.6872340730423,4.86262592945704,76.9757577760341,6.69739063392987,0.664756954874519,40.3760563962461,6.22743422547166,349.389470224955,4195.82661021266,73.1156290894345,39.600752447104,50.2327630730799
396,1072.21642434411,300220.598816351,20.1080113274432,35.1080113274432,5.62125259554271,6.85702242032632,92.0414484329466,4.79040585311536,77.2181321729495,6.77803816477002,0.691661035314324,40.4142252675991,6.22715367849357,343.878298322002,4205.09964048858,74.1039575341615,39.0094722300821,51.0268595284902
395,1086.030930218,304088.660461041,20.1449134896941,35.1449134896941,5.84240799272464,6.83785005296866,92.3325075154,4.71542951954837,77.4007276358064,6.85509763568601,0.718872865485681,40.419988536332,6.22768768410859,338.450361375293,4214.47469544519,75.0558135300471,38.4181267910652,51.7478806422277
394,1046.8053253858,293105.491108025,20.0388943867135,35.0388943867134,9.73384447560046,6.82295939758178,95.5070922787375,4.59054894569455,76.777704313959,7.05610113445612,1.19769052060049,39.9775598029182,6.24772158526162,333.130857949108,4226.78546032987,77.3695350145222,36.3472304233247,52.2335308756971
393,984.089465012123,275545.050203394,19.8608535540056,34.8608535540056,10.4440104115918,6.81023635456443,94.9923271502396,4.44461660914029,75.7500118058335,7.28932892888857,1.28507213140414,39.3162078042478,6.27685061504606,327.961649753838,4240.29610329102,80.0438765240184,33.8114617887993,52.5106766256386
392,914.346335482561,256016.973935117,19.6490134476084,34.6490134476084,10.7487125678524,6.79848366198885,93.8745636858186,4.29263554327218,74.5355758234932,7.50987333553745,1.32256388351449,38.560060383708,6.30949815239098,322.953061521639,4254.06163750005,82.586585699157,31.312509803409,52.5981910051352
391,840.662121150175,235385.393922049,19.4067113253573,34.4067113253573,11.053414724113,6.78750100676769,92.5949082739489,4.13661727185975,73.1570412052273,7.71105446216591,1.36005563562483,37.723395670857,6.34505760896326,318.110178370735,4267.91562580015,84.9235569701762,28.9177434273827,52.482600795121
390,763.336804823911,213734.305350695,19.1288161624103,34.1288161624103,11.3581168803736,6.77732944099819,91.1294952290163,3.97552996190195,71.5908019198479,7.89466319414759,1.39754738773517,36.7947956562158,6.38414431167044,313.433490793216,4281.85823719133,87.0729473437946,26.6001811346679,52.1462569569282
389,682.759321314972,191172.609968192,18.8069966383055,33.8069966383055,11.6628190366342,6.787814071878,89.3393684382497,3.80269838320911,69.7024554773422,8.08360588637974,1.43503913984552,35.7066114009543,6.4276401216281,308.93541837543,4295.88326442741,89.0264531577506,24.3481149169506,51.5491361494059
388,599.582691258901,167883.153552492,18.4329507065311,33.4329507065311,11.9688348535918,6.79914918959334,87.2996719239478,3.62233005201359,67.5588577448405,8.25552754961513,1.47269252993642,34.4944713481753,6.47645098210423,304.618587203004,4309.98106081975,90.7865932866946,22.1432650908052,50.6597167550031
387,494.578890768197,138482.089415095,17.8781172074934,32.8781172074934,12.8225734213752,6.81297974298682,84.9178515667728,3.4000025622361,64.5082770257908,8.46209596494685,1.57773988222034,32.8188250123394,6.54799696347083,300.511593733882,4325.35853666174,92.9219908298043,19.3137276093199,49.271436878252
386,468.636623086532,131218.254464229,17.7228463321721,32.7228463321721,7.68973283431044,6.82110131121314,78.3735068875526,3.29862166934776,63.5674806454875,8.43159298978135,0.946174982011498,32.2619669136715,6.56097265938799,296.581149356842,4335.81475222287,92.4516775198211,19.1997898770191,48.1029347936837
385,451.394164379495,126390.366026259,17.6148055411711,32.6148055411711,8.98021488674033,6.82865746167589,78.8953797856546,3.21309345289118,62.8724722739214,8.37505619771537,1.10496097094677,31.8374718645259,6.56697466381018,292.741579111903,4345.56742859533,91.6976965993802,19.391170470613,46.9777341399897
384,420.210006732059,117658.801884977,17.4084991826106,32.4084991826106,8.97518743456057,6.83759196294402,77.5221327905689,3.1046020655518,61.6826413532028,8.35383902722403,1.10434237345083,31.1594720996924,6.58579572905187,289.009043648463,4356.0562112204,91.3320613600614,19.1025141961434,45.669151112413
383,399.361833421549,111821.313358034,17.261848424809,32.261848424809,8.27215662727129,6.8458659270476,75.7079061037109,3.01516370829909,60.801211277524,8.29863875582034,1.01783869695475,30.6460439973204,6.5956907096596,285.383582997055,4365.71928158123,90.5965060784161,19.2053197148176,44.4036515864719
382,390.127701369029,109235.756383328,17.1944490473635,32.1944490473634,7.56912581998201,6.85322802512606,74.3000545730632,2.94816301403113,60.3173935374577,8.20896320344159,0.931335020458672,30.3415117174395,6.59468609659578,281.842201401426,4374.43663417955,89.4872610191212,19.7512087020251,43.2769394422972
381,391.921640118692,109738.059233234,17.2076708257918,32.2076708257919,6.86609501269272,6.85960520366562,73.3062108372836,2.90245242071699,60.231447900804,8.0895887450439,0.844831343962593,30.2444743055049,6.58330676780701,278.362985741774,4382.22184915579,88.0579341327153,20.7178104443475,42.35148915413
380,404.42688515097,113239.527842272,17.2981870909414,32.2981870909414,6.16306420540344,6.86493153898496,72.7153568399219,2.87608382166725,60.5251128405837,7.94459081856281,0.758327667466514,30.3445167226076,6.56263172037126,274.925872445802,4389.08872963379,86.35424815308,22.0812752425695,41.6710467913034
379,418.919604269452,117297.489195447,17.3996493454768,32.3996493454768,6.77385235898152,6.86994175302573,73.9339463215991,2.86463857759107,61.1340462259643,7.80299320691212,0.833481444935352,30.604139947948,6.54169826987288,271.510293397387,4395.66072400123,84.692410567136,23.474144917448,41.1331109691725
378,418.469563327863,117171.477731802,17.3965535427017,32.3965535427017,7.60605357422454,6.87624078576907,74.8554805088411,2.82818169897385,61.2220305945333,7.71285745943078,0.935878756627275,30.5962106471343,6.53499387828767,268.124474955469,4403.13072916735,83.5931091463793,24.2366383229576,40.4594949386783
377,411.061774622647,115097.296894341,17.3450775712203,32.3450775712203,7.71167243094664,6.88319516692984,74.7136591714037,2.78094954302897,61.0663016731701,7.64599108523491,0.948874516299604,30.464210599108,6.53468853406559,264.788504604541,4410.95425910472,82.7488302106575,24.7088368303184,39.7153340819561
376,401.952567145171,112546.718800648,17.2804945539907,32.2804945539906,7.81729128766874,6.89035008891329,74.5040178104181,2.73160295998186,60.8431591788644,7.58544095432401,0.961870275971933,30.2991241219352,6.53610211395936,261.506506166118,4418.77277712964,81.9752355742537,25.1056740983123,38.9618193451366
375,391.201617953685,109536.453027032,17.202349650364,32.2023496503641,7.92291014439085,6.89771533656093,74.2245223827114,2.68020228353813,60.5506419711176,7.53053061026009,0.974866035644261,30.1001595386533,6.53920367522507,258.2808743438,4426.585792375,81.264735836072,25.4309491388971,38.1913699499428
374,378.882136455324,106086.998207491,17.1101091090168,32.1101091090168,8.02852900111295,6.90529820033387,73.872866407756,2.62678654401717,60.1865665371776,7.48058604421309,0.987861795316589,29.8664145208271,6.54397448186604,255.11336822989,4434.39275324659,80.6097887408783,25.6887076534125,37.3969927885862
373,365.088466274253,102224.770556791,17.0032822824716,32.0032822824716,8.13414785783506,6.91310181899444,73.4472073843994,2.57138755822524,59.7491385364023,7.43493277129194,1.00085755498892,29.5971670019471,6.55039584089936,252.004670030822,4442.19314440134,80.0028641902682,25.8834607556976,36.572649891936
372,351.53602816924,98430.0878873871,16.8942706625553,31.8942706625554,8.00196469426961,6.92096842302187,72.7378096192392,2.51686792221822,59.3002180646728,7.38794554130204,0.984593218489381,29.3240827955536,6.55689752372327,248.957755073213,4449.85880004914,79.3833694223622,26.0897347051974,35.746208255124
371,340.376681852139,95305.4709185989,16.8013041739734,31.8013041739734,7.85336423641652,6.92866774627489,72.0921060429554,2.46701674488586,58.9295384930468,7.33340918124575,0.96630883350936,29.0925112107767,6.56134989660353,245.968403698225,4457.22935259826,78.6846486709711,26.399412580736,34.9681225034189
370,331.526026621046,92827.2874538928,16.7253783146361,31.7253783146361,7.70476377856343,6.93621279761129,71.5340686803261,2.42181676425452,58.6418579203107,7.27238688583099,0.948024448529338,28.9045167950035,6.56375941830688,243.031813233294,4464.30908588303,77.9181239420276,26.8060541510807,34.2483561862213
369,324.952852781451,90986.7987788063,16.6676626577944,31.6676626577944,7.55616332071035,6.94845402419388,71.158986090156,2.38465048757362,58.5257796173134,7.21079727872401,0.929740063549316,28.8034316621639,6.56411113228311,240.141587700727,4471.10289776837,77.0933580374477,27.3049019261502,33.5965199272004
368,320.60898170005,89770.5148760141,16.6288811959315,31.6288811959315,7.40756286285726,6.96050096422044,70.8812062592979,2.35191749967012,58.5010340457363,7.14433277646961,0.911455678569294,28.7493307041124,6.56243339359819,237.290879437079,4477.62012738423,76.2197830204909,27.8900268535615,33.0196197481094
367,318.458833322744,89168.4733303684,16.6094904177685,31.6094904177685,7.25896240500417,6.97231439665784,70.7033601030892,2.32350057944263,58.5697363512579,7.07374026485845,0.893171293589273,28.7430070731217,6.55877575871413,234.475506723311,4483.86562703014,75.3059899721685,28.5555718730739,32.5231236904896
366,318.450228874068,89166.064084739,16.6094125345281,31.6094125345281,7.11036194715108,6.98388709488011,70.6261732514546,2.29920517682116,58.7321255733276,6.99977164465726,0.874886908609251,28.7843192055236,6.55323187146258,231.690962625149,4489.84861319091,74.3601900729621,29.2946594123929,32.1096989707148
365,320.612341205379,89771.4555375061,16.6289087402691,31.6289087402691,6.96176148929799,6.99520516244692,70.6523386026227,2.27892507179433,58.9903541148102,6.92301719638707,0.856602523629229,28.8741240677199,6.54585423596972,228.933773934372,4495.57060929639,73.3889403966823,30.1026416376043,31.7831640685779
364,324.869433406766,90963.4413538944,16.6669137681175,31.6669137681175,6.81316103144491,7.00626984601745,70.7776408221785,2.26230424538673,59.3402961535417,6.84413756920448,0.838318138649207,29.0101389820169,6.53680808846594,226.199256331506,4501.04748339597,72.3992612933211,30.9713312585016,31.54118510365
363,331.250541335518,92750.151573945,16.7229666018682,31.7229666018682,6.66456057359182,7.01707255925627,71.0013177095646,2.24913154059923,59.7809577512783,6.76360198789922,0.820033753669186,29.1917024608723,6.52619088439702,223.484177193515,4506.28390017998,71.3962711419877,31.8957116877785,31.3839656595371
362,339.788099998747,95140.6679996492,16.7962836745209,31.7962836745209,6.51596011573873,7.02760632913911,71.3209706944201,2.23914446915841,60.3099583259363,6.68184499126957,0.801749368689164,29.4174817731033,6.51412164669492,220.78533401873,4511.28567320161,70.3846707781935,32.8704858523052,31.3103132610022
361,350.479462624301,98134.2495348042,16.8855482240214,31.8855482240214,6.36735965788564,7.03787063822434,71.7311379762064,2.23199839042474,60.9222851817595,6.59925751491737,0.783464983709142,29.6848611149963,6.50075480399074,218.099536505155,4516.06309065351,69.368576986757,33.889655959166,31.3164658918508
360,363.325643908112,101731.180294271,16.9893356451207,31.9893356451207,6.21875920003255,7.04780333483249,72.2267028425139,2.22737391081846,61.6130756176582,6.5160987176054,0.76518059872912,29.9913251961997,6.48624376244566,215.424027257041,4520.62599924525,68.3512957927093,34.9477221201498,31.3980358257231
359,378.304694736852,105925.314526319,17.105756401158,32.105756401158,6.07015874217947,7.0428142091986,72.9884601826844,2.23107462227055,62.5502570102265,6.42023996930769,0.746896213749099,30.4183554756204,6.4708308945744,212.754099948079,4524.98750649214,67.3451745032275,36.0310931973579,31.5525354011758
358,395.32117863062,110689.930016574,17.2324596359905,32.2324596359905,5.92155828432638,7.03751982526442,73.8201581072705,2.23628323879218,63.5518534397405,6.32637198401605,0.728611828769077,30.8771062043322,6.45477195699725,210.085181758258,4529.16811299702,66.3605452868816,37.1263840440088,31.7738586617858
357,414.347606555254,116017.329835471,17.3679337869717,32.3679337869717,5.77295782647329,7.03199282957403,74.7138218277016,2.24267072357789,64.6106588202728,6.23442391897368,0.710327443789055,31.3639980940522,6.43818153628211,207.415937011934,4533.17901847246,65.3960550941295,38.2314394774403,32.0549891431443
356,435.499893701726,121939.970236483,17.5113059912735,32.5113059912735,5.6243573686202,7.02622665248353,75.6665642770209,2.2500249893686,65.7241310164411,6.1443865157742,0.692043058809034,31.8777600574441,6.4211333405751,204.745271650566,4537.01870847147,64.4516068088203,39.3450202280807,32.3932540738068
355,458.750099124249,128450.02775479,17.6611761707729,32.6611761707729,5.47575691076712,7.02023122344163,76.6712640687429,2.25807190182088,66.8858537476502,6.05610433274588,0.673758673829012,32.4152323098623,6.40372985778308,202.072412257171,4540.69680640575,63.5255699239078,40.4654868901299,32.7821136280803
354,484.165636819861,135566.378309561,17.8165543562349,32.8165543562349,5.32715645291403,7.01400583170815,77.7235050254538,2.26659306591607,68.0919092540476,5.96949574096095,0.65547428884899,32.9744978035297,6.3860474340163,199.396756796825,4544.21461011315,62.6170881918981,41.5917949421564,33.2177662681138
353,511.782584045586,143299.123532764,17.9764059608089,32.9764059608089,5.17855599506094,7.00755330579713,78.8181496866975,2.27537084317188,69.3377063880153,5.88444151286418,0.637189903868968,33.5533218523158,6.36816259223405,196.717947319017,4547.57527686473,61.7249109740998,42.7229822132639,33.6957863747324
352,541.635116509867,151657.832622763,18.139775564696,33.139775564696,5.02995553720785,7.00087661620794,79.9502712907815,2.28420427010441,70.6188231856658,5.80081423005431,0.618905518888947,34.1495647815059,6.35014485535785,194.035835820047,4550.78143365204,60.8477017138564,43.8582799360585,34.2119632998348
351,573.755343402787,160651.49615278,18.3057927697432,33.3057927697432,4.88135507935476,6.99397883808332,81.1152200476653,2.29291010550044,71.9310553085949,5.71848060072936,0.600621133908925,34.7612042748637,6.33205651882551,191.350466558514,4553.83520322921,59.9840622454128,44.9970976378918,34.7623197666142
350,608.108599579606,170270.40788229,18.4736411076516,33.4736411076516,4.73275462150168,6.98675867000047,82.3077563393559,2.3013353180667,73.2697919023193,5.63718605941617,0.582336748928903,35.3860213062086,6.3139518275881,188.66213291056,4556.74239240704,59.1322567827441,46.1389276147389,35.3423687949711
349,644.236458888814,180386.208488868,18.6399456147621,33.639945614762,4.58415416364859,6.90638268006395,83.5137043166465,2.30882208987682,74.6166635412201,5.50150120088143,0.564052363948881,36.0149173710411,6.29623036644264,185.973229968551,4559.53069994773,58.3197765128951,47.2526409252459,35.9448348762883
348,660.212293330071,184859.44213242,18.7105510975686,33.7105510975686,6.17568891831565,6.82788770013842,86.0633864486686,2.29795902781677,75.4197334560049,5.43442443574621,0.759881061813236,36.369748778281,6.28969880142906,183.293444190855,4563.66993983863,58.2259784480724,47.5172693751792,36.2864956465097
347,671.371406170282,187983.993727679,18.758851052332,33.758851052332,5.90092198213476,6.749977843205,86.4167284713381,2.2827934026256,76.096894330518,5.3815609738219,0.726072656957045,36.6609558234402,6.28569437041482,180.638433887245,4568.09158604288,58.2840537216363,47.5965056999952,36.5611188432678
346,685.812650956766,192027.542267894,18.8201528108645,33.8201528108646,5.62615504595387,6.67191825530659,86.8547363829917,2.26985878749441,76.8545409413181,5.31924490843955,0.692264252100855,36.9925196138962,6.28015766363673,178.006946200795,4572.24729789842,58.2398635654719,47.797193383211,36.8741138973696
345,703.446542124469,196965.031794851,18.8932919061912,33.8932919061912,5.35138810977298,6.5937180661645,87.3719466258453,2.25886978577237,77.6873287889466,5.24897881563475,0.658455847244664,37.3617416663453,6.27324500403543,175.396157415236,4576.14840900044,58.1066742213736,48.1056839547468,37.2247163522121
344,724.298263022802,202803.513646385,18.9774551871473,33.9774551871473,5.07662117359209,6.5153822882425,87.9649596568729,2.24961002831578,78.5920403490273,5.17178684131931,0.624647442388474,37.7670195333849,6.26506536053545,172.80425502793,4579.79730399538,57.8929823352796,48.5134084059735,37.6127814824276
343,748.380624237525,209546.574786507,19.0717010087318,34.0717010087318,4.8018542374112,6.43691752518007,88.6288745237428,2.24184902599046,79.5645798722534,5.08860484232251,0.590839037532283,38.2063377988561,6.25573764130462,170.229523493638,4583.19762268371,57.6066538238434,49.0120441741322,38.0373959958486
342,775.701297620811,217196.363333827,19.1750299316136,34.1750299316136,4.52708730123031,6.35833141439338,89.359721732244,2.23535492913677,80.6003452531112,5.00025905901422,0.557030632676092,38.677451594182,6.2453829362062,167.670429280164,4586.35349516338,57.2546720635172,49.593865390051,38.4970749070366
341,805.508702127007,225542.436595562,19.2837826159624,34.2837826159624,4.42582895870523,6.27969114343129,90.3226749643003,2.22943898571605,81.6779872827525,4.90943246671583,0.544571407826342,39.169676600685,6.23443499602027,165.125550205012,4589.31862910395,56.8660042976578,50.2251416368623,38.9822918689399
340,833.545875967292,233392.845270842,19.3823882213672,34.3823882213672,4.50516119325048,6.20126549367352,91.4226876899787,2.22131109835102,82.7010999573897,4.8275214633007,0.554332758085335,39.634370005355,6.22473857926064,162.596134203246,4592.36918378555,56.5732880792382,50.7509742356379,39.448524629651
339,858.711999442482,240439.359843895,19.4681009092589,34.4681009092589,4.58449342779572,6.0943496237918,92.2170447607764,2.20486970459132,83.4331824707048,4.73370683530745,0.564094108344328,39.9577716136901,6.21660010153711,160.087973057567,4595.56491494228,56.3983998033501,51.1440896832719,39.8849789731434
338,880.772609118074,246616.330553061,19.5411942482833,34.5411942482833,4.66382566234097,5.98779654768108,92.9299459977319,2.18615186793578,84.0884209811015,4.64965836563953,0.573855458603321,40.2426159790152,6.20997045995462,157.6068713066,4598.90896281004,56.33673094175,51.4081695958812,40.2898010751624
337,899.784340146647,251939.615241061,19.6027498279498,34.6027498279498,4.74315789688622,5.88167192237715,93.5682912968513,2.16545867057416,84.6731136392319,4.57393375222029,0.583616808862314,40.4920343876605,6.20470460077399,155.154275371474,4602.39475023965,56.37552483406,51.5562553206083,40.6635603092368
336,915.677044100155,256389.572348043,19.6532039816725,34.6532039816724,4.82249013143147,5.7759742720818,94.1343829069065,2.14295995370992,85.1891139093795,4.50553167447066,0.593378159121307,40.7069597505178,6.20073674793447,152.732627326112,4606.02210082423,56.5075467866069,51.5951567624107,41.0054070979364
335,928.483336275662,259975.334157185,19.6932272717277,34.6932272717277,4.90182236597672,5.6706874876393,94.6321341007088,2.11886087029131,85.6398227364828,4.44333143712696,0.6031395093803,40.8891196988961,6.19797607540677,150.343212926948,4609.78657350805,56.7235349003284,51.5341736711167,41.3154171427904
334,938.301345962431,262724.376869481,19.7235475422106,34.7235475422106,4.98115460052197,5.56578747620018,95.0658937213108,2.09336189391853,86.0291574214959,4.38628711389437,0.612900859639293,41.0405141454018,6.19632832346342,147.986358076921,4613.68145750413,57.0141620353449,51.3829641217035,41.5942523139963
333,944.973574740239,264592.600927267,19.7439667910571,34.7439667910571,5.06048683506722,5.46128252505512,95.4338426518136,2.06652857919617,86.3552346563155,4.33386775704387,0.622662209898285,41.1602521014413,6.19580688916167,145.665103455708,4617.71147863874,57.3771674519307,51.1427164676325,41.8397678390257
332,948.633612373264,265617.411464514,19.7551081340608,34.7551081340608,5.13981906961246,5.35714400361091,95.739974955284,2.03853347976999,86.6214790573294,4.28519505930477,0.632423560157278,41.2501139765122,6.19633318843029,143.379110012376,4621.86916486012,57.8043283011795,50.8220549161176,42.0527664344929
331,949.271259433288,265795.952641321,19.7570448948698,34.7570448948699,5.21915130415771,5.2533614936499,95.9846712512835,2.00946881790606,86.8278743902141,4.23969798988048,0.642184910416271,41.3101710904054,6.19789260730407,141.129550517663,4626.15357416232,58.2915802841046,50.4246224826572,42.2324055334233
330,946.997030952137,265159.168666598,19.7501324429581,34.7501324429581,5.29848353870296,5.15019273392194,96.1698746186772,1.97945751164588,86.9766353040527,4.197003967589,0.651946260675264,41.3416063315847,6.20044024072217,138.916017718722,4630.55904560538,58.833285415484,49.9562557119207,42.3790822547105
329,942.506950148671,263901.946041628,19.7364348409913,34.7364348409914,5.37781577324821,5.14777845205895,96.4242184332291,1.95138233482929,87.192840634187,4.23649569559291,0.661707610934257,41.4042328764165,6.20366014260837,136.738674991705,4635.04775985771,59.3901265737323,49.4558773766165,42.4920079005964
328,936.823724493471,262310.642858172,19.7190039770415,34.7190039770416,5.45714800779346,5.14577541229743,96.6533505708761,1.9230925061696,87.3841574676416,4.27443834583711,0.67146896119325,41.4546229813426,6.20713843134144,134.592455560076,4639.5693885943,59.922032885567,48.9656648336364,42.5753954383005
327,929.93176700497,260380.894761392,19.6977230439033,34.6977230439033,5.53648024233871,5.14390388048126,96.8557105624923,1.89459716855205,87.5492631391074,4.31068291923203,0.681230311452243,41.4921815459424,6.21088949286602,132.477999287038,4644.12399395742,60.4301343817575,48.4842457598647,42.6287602831211
326,921.843268664442,258116.115226044,19.6725458236171,34.6725458236171,5.61581247688396,5.14216292968106,97.0310942569808,1.86591561717554,87.6876346368818,4.34534522181603,0.690991661711236,41.5167042759855,6.21492292902001,130.395214557841,4648.71094379737,60.9160545114397,48.0100691437684,42.65224731029
325,912.556039388838,255515.691028875,19.643363355409,34.643363355409,5.6951447114292,5.14055325853351,97.1785265767443,1.83706240700259,87.7983323570924,4.37851401775937,0.700753011970229,41.5277856504163,6.21925283474216,128.344382973661,4653.33007223806,61.3810376321407,47.5417521919844,42.6455796481214
324,902.074207241695,252580.778027675,19.6100682280353,34.6100682280353,5.77447694597445,5.13907495106945,97.2971925330543,1.8080509484573,87.8804370352998,4.41028079234909,0.710514362229222,41.5250334341459,6.22389330111661,126.325619978235,4657.98111281102,61.8263662478844,47.0779166692366,42.6085658341086
323,890.402483236625,249312.695306255,19.5725350526268,34.5725350526268,5.8538091805197,5.13772811079282,97.3860325179977,1.77889246938507,87.932917774284,4.4407315822045,0.720275712488215,41.5080043564265,6.22885981028151,124.339028532762,4662.66385586712,62.2532464795024,46.6172287651823,42.5409504892325
322,882.489464852147,247097.050158601,19.5468208938421,34.546820893842,4.48792325882008,5.13619344644148,96.0099209219863,1.75182313398649,88.0614827236823,4.4591901494297,0.552211734813003,41.529411550043,6.23214075952883,122.383732383894,4667.06782980188,62.5120114406033,46.3293809911445,42.4827848633587
321,891.457927773963,249608.21977671,19.5759600185205,34.5759600185204,4.72441205500649,5.13360849105628,96.7144457136532,1.73257539528382,88.5514686324513,4.43905265040431,0.581310246724783,41.7311703614681,6.2284627923712,120.45435530524,4670.36348544945,62.2297100523969,46.6465989038708,42.5526179123983
320,896.556014864237,251035.684161986,19.5923941579054,34.5923941579054,4.87201609409486,5.13130145362068,97.2385875239208,1.71170107513593,88.9579720873664,4.42713177234565,0.599472028419737,41.8914920969031,6.22636219084972,118.547931471726,4673.85907905314,62.0625549476818,46.8321836452726,42.5894771857713
319,903.245034256105,252908.609591709,19.6138138233995,34.6138138233995,4.64483007447898,5.16247060026996,97.2801881743542,1.68950969469492,89.2852418701746,4.43950680975681,0.571518166737546,42.015590907512,6.2235780572091,116.665811835354,4677.21187661759,61.8315900422459,47.0849213715774,42.6330228275086
318,914.346789240408,256017.100987314,19.6490158048054,34.6490158048053,4.4176440548631,5.1933546505019,97.416468307346,1.66931161785872,89.7047215602617,4.44103201342002,0.543564305055355,42.1857953270022,6.21901883970737,114.806534327494,4680.24656612846,61.453433787741,47.4997121164419,42.706291808228
317,929.922011971681,260378.163352071,19.6976700732276,34.6976700732276,4.19045803524722,5.2239360380875,97.6463036397044,1.65096943115696,90.2150775020333,4.43220141215415,0.515610443373163,42.4014538473317,6.21276614676964,112.968600876645,4682.9595022449,60.9378845930215,48.0684080786791,42.8125853432643
316,949.781972848109,265938.952397471,19.7585550137429,34.7585550137429,3.96327201563135,5.25421865146787,97.9624143146404,1.63423680131016,90.8089576064849,4.41404815192702,0.487656581690972,42.6589522358789,6.20500736073153,111.149518268764,4685.36548927379,60.3014368604675,48.7747959805596,42.9524656819251
315,973.999069123201,272719.739354496,19.8310988800579,34.8310988800579,3.73608599601547,5.28418952267609,98.3608245612047,1.61896714376992,91.4834168063975,4.3869872192013,0.459702720008781,42.95692378603,6.19584298674608,109.348162967911,4687.46103748738,59.5521305580247,49.6117133294949,43.1276877749157
314,1002.56363594424,280717.818064387,19.9143836965555,34.9143836965555,3.50889997639959,5.31384214068566,98.8374246970686,1.60497703067345,92.2331392088984,4.35160078602066,0.43174885832659,43.2928539928631,6.18541141160869,107.563173183856,4689.24896897358,58.6999503061675,50.5693920347295,43.3386846816681
313,1035.47131740695,289931.968873945,20.0074408113425,35.0074408113425,3.28171395678371,5.34317048473258,99.386110378191,1.59208637090549,93.0523983887009,4.30843403307966,0.403794996644399,43.6640548153088,6.1738518283618,105.793370663384,4690.73204327458,57.7541350108092,51.6385114598365,43.5852929411636
312,1072.37202324801,300264.166509443,20.1084374338794,35.1084374338794,3.13329294388953,5.37219335160851,100.077744103626,1.58002315368411,93.9293445994272,4.25871313641293,0.38553269127812,44.0647735059435,6.16140455371038,104.03741346701,4691.93528110973,56.732418375373,52.7997969634401,43.8644306774983
311,1110.66764772487,310986.941362963,20.2095578191233,35.2095578191232,3.13329294388953,5.40107673174468,100.93109473706,1.56779230288871,94.8110299659381,4.20881329124782,0.38553269127812,44.4686692142855,6.14906836363206,102.295666809115,4693.01835956995,55.7212707590283,53.9580223344573,44.1585861868442
310,1149.41833656784,321837.134238995,20.3083836512313,35.3083836512313,3.13329294388953,5.42988445256454,101.768379057262,1.55506471469539,95.6775592703453,4.16074870328796,0.38553269127812,44.8658727712264,6.13713448840029,100.568212435734,4694.04006130858,54.7467156789533,55.0835369754157,44.4605053086106
309,1188.6331717798,332817.288098345,20.4050486303787,35.4050486303787,3.13329294388953,5.45861835449469,102.475928085179,1.54011133602878,96.4180866440285,4.1143303206998,0.38553269127812,45.2044569469811,6.12557076061861,98.8564720622204,4694.99814821871,53.8056168083699,56.1789247961193,44.7690832088516
308,1228.31368976741,343927.833134874,20.4996964307734,35.4996964307734,3.13329294388953,5.48728104416039,103.16727928467,1.52479721263476,97.142950653167,4.06936884547597,0.38553269127812,45.536204900962,6.11434508197417,97.1615536276021,4695.89132101625,52.8947717786275,57.246887617053,45.0833187912339
307,1268.48364712492,355175.421194978,20.5923511445575,35.5923511445575,3.13329294388953,5.51587003544596,103.846245430999,1.50918907625945,97.8551929160813,4.02582918063159,0.38553269127812,45.8625845712583,6.10344841271537,95.4844873198914,4696.71659577602,52.0136235436968,58.2877909524733,45.4028289922132
306,1309.11752465685,366552.906903919,20.6832222733298,35.6832222733298,3.13329294388953,5.54439008931238,104.512993080671,1.49333071189031,98.5560217774403,3.98354448234536,0.38553269127812,46.1841479951559,6.0928418949479,93.8244876904661,4697.47777226835,51.1588483846106,59.3045458626919,45.7267884944792
305,1350.23183615127,378064.914122356,20.7723409752221,35.7723409752221,3.13329294388953,5.57283954416546,105.168522572034,1.47723935649463,99.2455212519328,3.94247465051565,0.38553269127812,46.5009673326966,6.0825165406692,92.1822961916257,4698.17278691344,50.3297672526688,60.2976676048357,46.0548697148838
304,1391.82917738536,389712.169667901,20.8597865186306,35.8597865186306,3.13329294388953,5.60121873012881,105.812571495484,1.46093884132525,99.9240870992565,3.90254546645469,0.38553269127812,46.8132450340972,6.07245589252063,90.5581366680013,4698.80147565726,49.5249817571128,61.2683413681688,46.3866462504384
303,1433.91176517506,401495.294249018,20.9456320013567,35.9456320013567,3.13329294388953,5.62952793881817,106.446119134463,1.44445158868892,100.592082532478,3.86368763151061,0.38553269127812,47.1211675865003,6.06264493779884,88.9522089155253,4699.36370106932,48.7431885100542,62.2176784974539,46.7217340148921
302,1476.48148051588,413414.814544446,21.0299450275675,36.0299450275675,3.13329294388953,5.657767426264,107.069261451255,1.42779872913206,101.249841954818,3.82583648339014,0.38553269127812,47.4249072942219,6.05306994659832,87.3646901013898,4699.85935196381,47.9831727881658,63.1467204143578,47.0597864049232
301,1519.53990299083,425471.172837433,21.1127882859938,36.1127882859938,3.13329294388953,5.68593741522336,107.681823671653,1.41100020244166,101.897674130298,3.78893174772525,0.38553269127812,47.7246237920513,6.04371833566932,85.7957360229239,4700.28834283744,47.2438028552806,64.0564423708327,47.4004904521034
300,1563.07302032109,437660.445689906,21.1942623843975,36.1942623843975,3.13329294388953,5.71404025395166,108.286082867742,1.39407824749603,102.536157374151,3.75289115463082,0.38553269127812,48.0205819130031,6.03457227609491,84.2448952793417,4700.65269560432,46.5234440656714,64.9483047940053,47.7434977192297
